{
  "children" :
  [
    {
      "attributes" :
      {
        "argumentTypes" : null,
        "hexvalue" : "74727565",
        "isConstant" : false,
        "isLValue" : false,
        "isPure" : true,
        "lValueRequested" : false,
        "subdenomination" : null,
        "token" : "bool",
        "type" : "bool",
        "value" : "false"
      },
      "id" : 4,
      "name" : "Literal",
      "src" : "112:4:0"
    },
    {
      "attributes" :
      {
        "statements" :
        [
          null
        ]
      },
      "children" : [],
      "id" : 5,
      "name" : "Block",
      "src" : "118:4:0"
    },
    {
      "attributes" :
      {
        "statements" :
        [
          null
        ]
      },
      "children" : [],
      "id" : 6,
      "name" : "Block",
      "src" : "128:4:0"
    }
  ],
  "id" : 7,
  "name" : "IfStatement",
  "src" : "108:24:0"
}